{
    "usdtinr": [
        [251.7871, 1]
    ],
    "adausdt": [
        [
            127.368152866,
            0.3057
        ]
    ],
    "vetusdt": [
        [
            59.98,
            0.026
        ],
        [
            66.31,
            0.024
        ],
        [
            13.57,
            0.0236
        ]
    ],
    "ethusdt": [
        [
            127.184713376,
            1222.929936306
        ],
        [
            252.949299363,
            1210.284076433
        ],
        [
            100.808917197,
            1185.987261146
        ]
    ],
    "btcusdt": [
        [
            127.228280255,
            37420.114649682
        ],
        [
            127.070063694,
            36305.732484076
        ]
    ],
    "dashusdt": [
        [
            63.694267516,
            127.38853503
        ]
    ],
    "bttusdt": [
        [
            6.369171975,
            0.000361274
        ]
    ],
    "thetausdt": [
        [
            49.5,
            1.65
        ]
    ],
    "xrpusdt": [
        [
            8.66,
            0.28888
        ]
    ],
    "zilusdt": [
        [
            63.77,
            0.05735
        ]
    ],
    "mkrusdt": [
        [
            19.73,
            1415.84
        ]
    ],
    "nanousdt": [
        [
            52.59,
            3.2604
        ]
    ],
    "snxusdt": [
        [
            126.79,
            15.15
        ],
        [
            126.77,
            15.3
        ]
    ]
}